Имя,Изображения,Цена,Производитель,Артикул,Короткое описание,Категории,Исходный адрес
Блюдо MZBP20,http://rakporcelain.com/products/productbig_286_1430134870MZBP20.png,966,RAK (Арабские Эмираты),MZBP20,"
							Размеры: 20 × 8 см",Фарфоровая посуда > RAK Porcelain (ОАЭ) > Без декора >  Mazza,http://posuda-mix.ru/shop/farfor/RAK/Bez_dekora/group_639/item_881/
Блюдо MZBP26,http://rakporcelain.com/products/productbig_285_1430134791MZBP38.png,1 165,RAK (Арабские Эмираты),MZBP26,"
							Размеры: 26 × 10 см",Фарфоровая посуда > RAK Porcelain (ОАЭ) > Без декора >  Mazza,http://posuda-mix.ru/shop/farfor/RAK/Bez_dekora/group_639/9699/
Блюдо MZSP20,http://rakporcelain.com/products/productbig_275_1430117875MZSP20.png,966,RAK (Арабские Эмираты),MZSP20,"
							Размеры: 20 × 18 см",Фарфоровая посуда > RAK Porcelain (ОАЭ) > Без декора >  Mazza,http://posuda-mix.ru/shop/farfor/RAK/Bez_dekora/group_639/item_885/
Блюдо MZSP26,http://rakporcelain.com/products/productbig_274_1430117806MZSP26.png,1 478,RAK (Арабские Эмираты),MZSP26,"
							Размеры: 26 × 23 см",Фарфоровая посуда > RAK Porcelain (ОАЭ) > Без декора >  Mazza,http://posuda-mix.ru/shop/farfor/RAK/Bez_dekora/group_639/9687/
Блюдо MZSP32,http://rakporcelain.com/products/productbig_273_1430117701MZSP32.png,2 390,RAK (Арабские Эмираты),MZSP32,"
							Размеры: 32 × 29 см",Фарфоровая посуда > RAK Porcelain (ОАЭ) > Без декора >  Mazza,http://posuda-mix.ru/shop/farfor/RAK/Bez_dekora/group_639/9688/
Блюдо MZBP50,http://rakporcelain.com/products/productbig_282_1430124347MZBP50.png,3 667,RAK (Арабские Эмираты),MZBP50,"
							Размеры: 50 × 12 см",Фарфоровая посуда > RAK Porcelain (ОАЭ) > Без декора >  Mazza,http://posuda-mix.ru/shop/farfor/RAK/Bez_dekora/group_639/9702/
Блюдо MZBP44,http://rakporcelain.com/products/productbig_283_1430124419MZBP44.png,3 216,RAK (Арабские Эмираты),MZBP44,"
							Размеры: 44 × 11 см",Фарфоровая посуда > RAK Porcelain (ОАЭ) > Без декора >  Mazza,http://posuda-mix.ru/shop/farfor/RAK/Bez_dekora/group_639/9701/
Блюдо MZBP38,http://rakporcelain.com/products/productbig_284_1430124533MZBP38.png,2 707,RAK (Арабские Эмираты),MZBP38,"
							Размеры: 38 × 10 см",Фарфоровая посуда > RAK Porcelain (ОАЭ) > Без декора >  Mazza,http://posuda-mix.ru/shop/farfor/RAK/Bez_dekora/group_639/9700/
Розетка MZMR11,http://rakporcelain.com/products/productbig_293_1430135581MZMR11.png,419,RAK (Арабские Эмираты),MZMR11,"
							Размеры: 11 × 5 см",Фарфоровая посуда > RAK Porcelain (ОАЭ) > Без декора >  Mazza,http://posuda-mix.ru/shop/farfor/RAK/Bez_dekora/group_639/item_884/
Розетка MZMS08,http://rakporcelain.com/products/productbig_294_1430135693MZMS08.png,400,RAK (Арабские Эмираты),MZMS08,"
							Размеры: 8 × 7 см",Фарфоровая посуда > RAK Porcelain (ОАЭ) > Без декора >  Mazza,http://posuda-mix.ru/shop/farfor/RAK/Bez_dekora/group_639/9698/
Тарелка MZRP20,http://rakporcelain.com/products/productbig_278_1430118227MZRP20.png,861,RAK (Арабские Эмираты),MZRP20,"
							Размеры: 20 × 13 см",Фарфоровая посуда > RAK Porcelain (ОАЭ) > Без декора >  Mazza,http://posuda-mix.ru/shop/farfor/RAK/Bez_dekora/group_639/item_886/
Тарелка MZRP26,http://rakporcelain.com/products/productbig_277_1430118131MZRP26.png,1 069,RAK (Арабские Эмираты),MZRP26,"
							Размеры: 26 × 17 см",Фарфоровая посуда > RAK Porcelain (ОАЭ) > Без декора >  Mazza,http://posuda-mix.ru/shop/farfor/RAK/Bez_dekora/group_639/9694/
Тарелка MZRP32,http://rakporcelain.com/products/productbig_276_1430118025MZRP32.png,1 994,RAK (Арабские Эмираты),MZRP32,"
							Размеры: 32 × 21 см",Фарфоровая посуда > RAK Porcelain (ОАЭ) > Без декора >  Mazza,http://posuda-mix.ru/shop/farfor/RAK/Bez_dekora/group_639/9695/
Тарелка глубокая MZEP20,http://rakporcelain.com/products/productbig_292_1430135419MZEP20.png,966,RAK (Арабские Эмираты),MZEP20,"
							Размеры: 20 × 13 см",Фарфоровая посуда > RAK Porcelain (ОАЭ) > Без декора >  Mazza,http://posuda-mix.ru/shop/farfor/RAK/Bez_dekora/group_639/item_883/
Тарелка глубокая MZEP26,http://rakporcelain.com/products/productbig_291_1430135357MZEP26.png,1 264,RAK (Арабские Эмираты),MZEP26,"
							Размеры: 26 × 17 см",Фарфоровая посуда > RAK Porcelain (ОАЭ) > Без декора >  Mazza,http://posuda-mix.ru/shop/farfor/RAK/Bez_dekora/group_639/9693/
Тарелка глубокая MZEP32,http://rakporcelain.com/products/productbig_290_1430135284MZEP32.png,2 685,RAK (Арабские Эмираты),MZEP32,"
							Размеры: 32 × 21 см",Фарфоровая посуда > RAK Porcelain (ОАЭ) > Без декора >  Mazza,http://posuda-mix.ru/shop/farfor/RAK/Bez_dekora/group_639/9692/
Тарелка коктельная MZCP20,http://rakporcelain.com/products/productbig_281_1430118748MZCP20.png,573,RAK (Арабские Эмираты),MZCP20,"
							Размеры: 20 × 6 см",Фарфоровая посуда > RAK Porcelain (ОАЭ) > Без декора >  Mazza,http://posuda-mix.ru/shop/farfor/RAK/Bez_dekora/group_639/item_882/
Тарелка коктельная MZCP26,http://rakporcelain.com/products/productbig_280_1430118598MZCP26.png,1 085,RAK (Арабские Эмираты),MZCP26,"
							Размеры: 26 × 8 см",Фарфоровая посуда > RAK Porcelain (ОАЭ) > Без декора >  Mazza,http://posuda-mix.ru/shop/farfor/RAK/Bez_dekora/group_639/9689/
Тарелка коктельная MZCP32,http://rakporcelain.com/products/productbig_279_1430118448MZCP32.png,2 218,RAK (Арабские Эмираты),MZCP32,"
							Размеры: 32 × 9 см",Фарфоровая посуда > RAK Porcelain (ОАЭ) > Без декора >  Mazza,http://posuda-mix.ru/shop/farfor/RAK/Bez_dekora/group_639/9690/
Тарелка прямоугольная 2-x секционная MZTP42,http://rakporcelain.com/products/productbig_288_1430135117MZTP42.png,2 480,RAK (Арабские Эмираты),MZTP42,"
42x11 см.
",Фарфоровая посуда > RAK Porcelain (ОАЭ) > Без декора >  Mazza,http://posuda-mix.ru/shop/farfor/RAK/Bez_dekora/group_639/MZTP42/
Тарелка с двумя делениями MZTP32,http://rakporcelain.com/products/productbig_289_1430135201MZTP32.png,1 971,RAK (Арабские Эмираты),MZTP32,"
							Размеры: 32 × 10 см",Фарфоровая посуда > RAK Porcelain (ОАЭ) > Без декора >  Mazza,http://posuda-mix.ru/shop/farfor/RAK/Bez_dekora/group_639/item_887/
Тарелка с двумя делениями MZTM53,http://rakporcelain.com/products/productbig_287_1430135011MZTM53.png,3 216,RAK (Арабские Эмираты),MZTM53,"
							Размеры: 53 × 17 см",Фарфоровая посуда > RAK Porcelain (ОАЭ) > Без декора >  Mazza,http://posuda-mix.ru/shop/farfor/RAK/Bez_dekora/group_639/9696/
Тарелка с двумя делениями MZTW53,http://posuda-mix.ru/upload/shop_1/9/6/9/item_9697/shop_items_catalog_image9697.jpg,3 948,RAK (Арабские Эмираты),MZTW53,"
							Размеры: 53 × 30 см",Фарфоровая посуда > RAK Porcelain (ОАЭ) > Без декора >  Mazza,http://posuda-mix.ru/shop/farfor/RAK/Bez_dekora/group_639/9697/
